{
    "image_name": "fake_5.jpg",
    "portraitReplace": 0.0,
    "printedCopy": 0.6329444444444444,
    "screenReply": 0.9977890253067017
}