{
    "image_name": "original_9.jpg",
    "portraitReplace": 0.9629517467108862,
    "printedCopy": 1.0,
    "screenReply": 0.00276218936778605
}