{
    "image_name": "original_63.jpg",
    "portraitReplace": 0.9843693920953404,
    "printedCopy": 1.0,
    "screenReply": 0.8782482147216797
}