{
    "image_name": "original_7.jpg",
    "portraitReplace": 0.0,
    "printedCopy": 0.9457650086783684,
    "screenReply": 0.002142272423952818
}