{
    "image_name": "original_67.jpg",
    "portraitReplace": 0.9994002940667167,
    "printedCopy": 0.9016353101514524,
    "screenReply": 0.9381169676780701
}