{
    "image_name": "original_6.jpg",
    "portraitReplace": 0.990620863013103,
    "printedCopy": 1.0,
    "screenReply": 0.00015383042045868933
}