{
    "image_name": "original_8.jpg",
    "portraitReplace": 0.9713701425815724,
    "printedCopy": 0.9661456832550106,
    "screenReply": 0.0014152127550914884
}