{
    "image_name": "original_10.jpg",
    "portraitReplace": 0.9038568950212555,
    "printedCopy": 0.9311055612411232,
    "screenReply": 0.002440286334604025
}