{
    "image_name": "original_47.jpg",
    "portraitReplace": 0.9999970245860482,
    "printedCopy": 1.0,
    "screenReply": 0.8344774842262268
}