{
    "image_name": "original_68.jpg",
    "portraitReplace": 0.96875864660258826,
    "printedCopy": 0.9600183939620046,
    "screenReply": 1.0
}