{
    "image_name": "original_69.jpg",
    "portraitReplace": 0.95061150456565954,
    "printedCopy": 0.953756802408414,
    "screenReply": 1.0
}